match_id,date,team_1,team_2,bookmaker_name,team_1_odds,team_2_odds,team_1_implied_prob,team_2_implied_prob,market_overround,team_1_market_prob,team_2_market_prob,snapshot_timestamp
1216534,2020-09-21,Royal Challengers Bengaluru,Sunrisers Hyderabad,Pinnacle,2.05,1.86,0.487805,0.537634,1.025439,0.475703,0.524297,2020-09-21T13:30:00Z
1216508,2020-09-23,Mumbai Indians,Kolkata Knight Riders,Pinnacle,1.76,2.2,0.568182,0.454545,1.022727,0.555556,0.444444,2020-09-23T13:30:00Z
1216510,2020-09-24,Punjab Kings,Royal Challengers Bengaluru,Pinnacle,2.22,1.74,0.45045,0.574713,1.025163,0.439394,0.560606,2020-09-24T13:30:00Z
1216545,2020-09-26,Sunrisers Hyderabad,Kolkata Knight Riders,Pinnacle,1.92,1.99,0.520833,0.502513,1.023346,0.508951,0.491049,2020-09-26T13:30:00Z
1216527,2020-09-27,Punjab Kings,Rajasthan Royals,Pinnacle,1.96,1.94,0.510204,0.515464,1.025668,0.497436,0.502564,2020-09-27T13:30:00Z
1216532,2020-09-29,Sunrisers Hyderabad,Delhi Capitals,Pinnacle,2.1,1.83,0.47619,0.546448,1.022639,0.465649,0.534351,2020-09-29T13:30:00Z
1216515,2020-10-03,Delhi Capitals,Kolkata Knight Riders,Pinnacle,1.86,2.05,0.537634,0.487805,1.025439,0.524297,0.475703,2020-10-03T13:30:00Z
1216542,2020-10-08,Sunrisers Hyderabad,Punjab Kings,Pinnacle,1.89,2.02,0.529101,0.49505,1.02415,0.516624,0.483376,2020-10-08T13:30:00Z
1216529,2020-10-11,Delhi Capitals,Mumbai Indians,Pinnacle,2.13,1.8,0.469484,0.555556,1.025039,0.458015,0.541985,2020-10-11T13:30:00Z
1216528,2020-10-13,Chennai Super Kings,Sunrisers Hyderabad,Pinnacle,1.87,2.04,0.534759,0.490196,1.024955,0.521739,0.478261,2020-10-13T13:30:00Z
1216543,2020-10-14,Delhi Capitals,Rajasthan Royals,Pinnacle,1.75,2.2,0.571429,0.454545,1.025974,0.556962,0.443038,2020-10-14T13:30:00Z
1216531,2020-10-15,Royal Challengers Bengaluru,Punjab Kings,Pinnacle,1.78,2.17,0.561798,0.460829,1.022627,0.549367,0.450633,2020-10-15T13:30:00Z
1216526,2020-10-16,Kolkata Knight Riders,Mumbai Indians,Pinnacle,2.25,1.72,0.444444,0.581395,1.02584,0.433249,0.566751,2020-10-16T13:30:00Z
1216509,2020-10-17,Chennai Super Kings,Delhi Capitals,Pinnacle,2.09,1.83,0.478469,0.546448,1.024917,0.466837,0.533163,2020-10-17T13:30:00Z
1216533,2020-10-19,Chennai Super Kings,Rajasthan Royals,Pinnacle,1.87,2.05,0.534759,0.487805,1.022564,0.522959,0.477041,2020-10-19T13:30:00Z
1216546,2020-10-20,Delhi Capitals,Punjab Kings,Pinnacle,1.79,2.14,0.558659,0.46729,1.025949,0.544529,0.455471,2020-10-20T13:30:00Z
1216494,2020-10-21,Kolkata Knight Riders,Royal Challengers Bengaluru,Pinnacle,2.14,1.79,0.46729,0.558659,1.025949,0.455471,0.544529,2020-10-21T13:30:00Z
1216518,2020-10-22,Rajasthan Royals,Sunrisers Hyderabad,Pinnacle,1.96,1.94,0.510204,0.515464,1.025668,0.497436,0.502564,2020-10-22T13:30:00Z
1216521,2020-10-23,Chennai Super Kings,Mumbai Indians,Pinnacle,2.38,1.65,0.420168,0.606061,1.026229,0.409429,0.590571,2020-10-23T13:30:00Z
1216498,2020-10-24,Punjab Kings,Sunrisers Hyderabad,Pinnacle,1.85,2.07,0.540541,0.483092,1.023632,0.528061,0.471939,2020-10-24T13:30:00Z
1216541,2020-10-25,Mumbai Indians,Rajasthan Royals,Pinnacle,1.65,2.39,0.606061,0.41841,1.024471,0.591584,0.408416,2020-10-25T13:30:00Z
1216520,2020-10-26,Kolkata Knight Riders,Punjab Kings,Pinnacle,1.9,2.0,0.526316,0.5,1.026316,0.512821,0.487179,2020-10-26T13:30:00Z
1216524,2020-10-27,Sunrisers Hyderabad,Delhi Capitals,Pinnacle,2.19,1.76,0.456621,0.568182,1.024803,0.44557,0.55443,2020-10-27T13:30:00Z
1216499,2020-10-28,Royal Challengers Bengaluru,Mumbai Indians,Pinnacle,2.23,1.74,0.44843,0.574713,1.023143,0.438287,0.561713,2020-10-28T13:30:00Z
1216536,2020-10-29,Kolkata Knight Riders,Chennai Super Kings,Pinnacle,1.72,2.25,0.581395,0.444444,1.02584,0.566751,0.433249,2020-10-29T13:30:00Z
1216537,2020-10-30,Punjab Kings,Rajasthan Royals,Pinnacle,1.84,2.08,0.543478,0.480769,1.024247,0.530612,0.469388,2020-10-30T13:30:00Z
1216502,2020-10-31,Royal Challengers Bengaluru,Sunrisers Hyderabad,Pinnacle,1.81,2.12,0.552486,0.471698,1.024184,0.53944,0.46056,2020-10-31T13:30:00Z
1216530,2020-11-01,Kolkata Knight Riders,Rajasthan Royals,Pinnacle,2.0,1.9,0.5,0.526316,1.026316,0.487179,0.512821,2020-11-01T13:30:00Z
1216505,2020-11-02,Royal Challengers Bengaluru,Delhi Capitals,Pinnacle,1.83,2.1,0.546448,0.47619,1.022639,0.534351,0.465649,2020-11-02T13:30:00Z
1216495,2020-11-03,Mumbai Indians,Sunrisers Hyderabad,Pinnacle,1.89,2.02,0.529101,0.49505,1.02415,0.516624,0.483376,2020-11-03T13:30:00Z
1237177,2020-11-05,Mumbai Indians,Delhi Capitals,Pinnacle,1.67,2.35,0.598802,0.425532,1.024334,0.584577,0.415423,2020-11-05T13:30:00Z
1237178,2020-11-06,Royal Challengers Bengaluru,Sunrisers Hyderabad,Pinnacle,2.03,1.88,0.492611,0.531915,1.024526,0.480818,0.519182,2020-11-06T13:30:00Z
1237180,2020-11-08,Delhi Capitals,Sunrisers Hyderabad,Pinnacle,2.06,1.86,0.485437,0.537634,1.023071,0.47449,0.52551,2020-11-08T13:30:00Z
1237181,2020-11-10,Delhi Capitals,Mumbai Indians,Pinnacle,2.39,1.65,0.41841,0.606061,1.024471,0.408416,0.591584,2020-11-10T13:30:00Z
1254058,2021-04-09,Mumbai Indians,Royal Challengers Bengaluru,Pinnacle,1.68,2.32,0.595238,0.431034,1.026273,0.58,0.42,2021-04-09T13:30:00Z
1254060,2021-04-11,Kolkata Knight Riders,Sunrisers Hyderabad,Pinnacle,2.14,1.79,0.46729,0.558659,1.025949,0.455471,0.544529,2021-04-11T13:30:00Z
1254061,2021-04-12,Punjab Kings,Rajasthan Royals,Pinnacle,1.85,2.07,0.540541,0.483092,1.023632,0.528061,0.471939,2021-04-12T13:30:00Z
1254062,2021-04-13,Mumbai Indians,Kolkata Knight Riders,Pinnacle,1.66,2.36,0.60241,0.423729,1.026138,0.587065,0.412935,2021-04-13T13:30:00Z
1254063,2021-04-14,Royal Challengers Bengaluru,Sunrisers Hyderabad,Pinnacle,1.89,2.02,0.529101,0.49505,1.02415,0.516624,0.483376,2021-04-14T13:30:00Z
1254064,2021-04-15,Delhi Capitals,Rajasthan Royals,Pinnacle,1.71,2.28,0.584795,0.438596,1.023392,0.571429,0.428571,2021-04-15T13:30:00Z
1254065,2021-04-16,Punjab Kings,Chennai Super Kings,Pinnacle,1.93,1.98,0.518135,0.505051,1.023185,0.506394,0.493606,2021-04-16T13:30:00Z
1254066,2021-04-17,Mumbai Indians,Sunrisers Hyderabad,Pinnacle,1.67,2.35,0.598802,0.425532,1.024334,0.584577,0.415423,2021-04-17T13:30:00Z
1254068,2021-04-18,Punjab Kings,Delhi Capitals,Pinnacle,2.19,1.76,0.456621,0.568182,1.024803,0.44557,0.55443,2021-04-18T13:30:00Z
1254070,2021-04-20,Mumbai Indians,Delhi Capitals,Pinnacle,1.69,2.3,0.591716,0.434783,1.026499,0.576441,0.423559,2021-04-20T13:30:00Z
1254072,2021-04-21,Chennai Super Kings,Kolkata Knight Riders,Pinnacle,1.86,2.05,0.537634,0.487805,1.025439,0.524297,0.475703,2021-04-21T13:30:00Z
1254073,2021-04-22,Rajasthan Royals,Royal Challengers Bengaluru,Pinnacle,2.23,1.74,0.44843,0.574713,1.023143,0.438287,0.561713,2021-04-22T13:30:00Z
1254074,2021-04-23,Mumbai Indians,Punjab Kings,Pinnacle,1.64,2.42,0.609756,0.413223,1.022979,0.596059,0.403941,2021-04-23T13:30:00Z
1254075,2021-04-24,Kolkata Knight Riders,Rajasthan Royals,Pinnacle,1.77,2.18,0.564972,0.458716,1.023687,0.551899,0.448101,2021-04-24T13:30:00Z
1254078,2021-04-26,Punjab Kings,Kolkata Knight Riders,Pinnacle,1.9,2.01,0.526316,0.497512,1.023828,0.514066,0.485934,2021-04-26T13:30:00Z
1254079,2021-04-27,Royal Challengers Bengaluru,Delhi Capitals,Pinnacle,1.89,2.01,0.529101,0.497512,1.026613,0.515385,0.484615,2021-04-27T13:30:00Z
1254080,2021-04-28,Sunrisers Hyderabad,Chennai Super Kings,Pinnacle,2.22,1.74,0.45045,0.574713,1.025163,0.439394,0.560606,2021-04-28T13:30:00Z
1254081,2021-04-29,Rajasthan Royals,Mumbai Indians,Pinnacle,7.91,1.07,0.126422,0.934579,1.061002,0.119154,0.880846,2021-04-29T13:30:00Z
1254082,2021-04-29,Kolkata Knight Riders,Delhi Capitals,Pinnacle,2.21,1.75,0.452489,0.571429,1.023917,0.441919,0.558081,2021-04-29T13:30:00Z
1254083,2021-04-30,Punjab Kings,Royal Challengers Bengaluru,Pinnacle,2.38,1.66,0.420168,0.60241,1.022578,0.410891,0.589109,2021-04-30T13:30:00Z
1254084,2021-05-01,Chennai Super Kings,Mumbai Indians,Pinnacle,2.29,1.7,0.436681,0.588235,1.024917,0.426065,0.573935,2021-05-01T13:30:00Z
1254086,2021-05-02,Punjab Kings,Delhi Capitals,Pinnacle,2.68,1.53,0.373134,0.653595,1.026729,0.36342,0.63658,2021-05-02T13:30:00Z
1254104,2021-09-19,Chennai Super Kings,Mumbai Indians,Pinnacle,2.31,1.69,0.4329,0.591716,1.024616,0.4225,0.5775,2021-09-19T13:30:00Z
1254087,2021-09-20,Royal Challengers Bengaluru,Kolkata Knight Riders,Pinnacle,1.71,2.28,0.584795,0.438596,1.023392,0.571429,0.428571,2021-09-20T13:30:00Z
1254111,2021-09-21,Rajasthan Royals,Punjab Kings,Pinnacle,2.17,1.78,0.460829,0.561798,1.022627,0.450633,0.549367,2021-09-21T13:30:00Z
1254105,2021-09-22,Sunrisers Hyderabad,Delhi Capitals,Pinnacle,2.37,1.66,0.421941,0.60241,1.024351,0.411911,0.588089,2021-09-22T13:30:00Z
1254096,2021-09-23,Mumbai Indians,Kolkata Knight Riders,Pinnacle,1.78,2.17,0.561798,0.460829,1.022627,0.549367,0.450633,2021-09-23T13:30:00Z
1254113,2021-09-24,Royal Challengers Bengaluru,Chennai Super Kings,Pinnacle,2.09,1.83,0.478469,0.546448,1.024917,0.466837,0.533163,2021-09-24T13:30:00Z
1254107,2021-09-25,Punjab Kings,Sunrisers Hyderabad,Pinnacle,1.81,2.12,0.552486,0.471698,1.024184,0.53944,0.46056,2021-09-25T13:30:00Z
1254108,2021-09-26,Royal Challengers Bengaluru,Mumbai Indians,Pinnacle,2.19,1.76,0.456621,0.568182,1.024803,0.44557,0.55443,2021-09-26T13:30:00Z
1254100,2021-09-27,Rajasthan Royals,Sunrisers Hyderabad,Pinnacle,1.71,2.27,0.584795,0.440529,1.025324,0.570352,0.429648,2021-09-27T13:30:00Z
1254099,2021-09-28,Punjab Kings,Mumbai Indians,Pinnacle,2.44,1.62,0.409836,0.617284,1.02712,0.399015,0.600985,2021-09-28T13:30:00Z
1254103,2021-09-29,Rajasthan Royals,Royal Challengers Bengaluru,Pinnacle,2.2,1.76,0.454545,0.568182,1.022727,0.444444,0.555556,2021-09-29T13:30:00Z
1254091,2021-09-30,Sunrisers Hyderabad,Chennai Super Kings,Pinnacle,2.33,1.68,0.429185,0.595238,1.024423,0.418953,0.581047,2021-09-30T13:30:00Z
1254102,2021-10-01,Kolkata Knight Riders,Punjab Kings,Pinnacle,1.68,2.32,0.595238,0.431034,1.026273,0.58,0.42,2021-10-01T13:30:00Z
1254089,2021-10-02,Chennai Super Kings,Rajasthan Royals,Pinnacle,1.72,2.25,0.581395,0.444444,1.02584,0.566751,0.433249,2021-10-02T13:30:00Z
1254109,2021-10-03,Sunrisers Hyderabad,Kolkata Knight Riders,Pinnacle,2.41,1.64,0.414938,0.609756,1.024694,0.404938,0.595062,2021-10-03T13:30:00Z
1254110,2021-10-04,Chennai Super Kings,Delhi Capitals,Pinnacle,1.82,2.1,0.549451,0.47619,1.025641,0.535714,0.464286,2021-10-04T13:30:00Z
1254093,2021-10-05,Rajasthan Royals,Mumbai Indians,Pinnacle,2.36,1.66,0.423729,0.60241,1.026138,0.412935,0.587065,2021-10-05T13:30:00Z
1254095,2021-10-06,Sunrisers Hyderabad,Royal Challengers Bengaluru,Pinnacle,2.64,1.55,0.378788,0.645161,1.023949,0.369928,0.630072,2021-10-06T13:30:00Z
1254106,2021-10-07,Kolkata Knight Riders,Rajasthan Royals,Pinnacle,1.66,2.37,0.60241,0.421941,1.024351,0.588089,0.411911,2021-10-07T13:30:00Z
1254088,2021-10-08,Mumbai Indians,Sunrisers Hyderabad,Pinnacle,1.56,2.59,0.641026,0.3861,1.027126,0.624096,0.375904,2021-10-08T13:30:00Z
1254101,2021-10-08,Delhi Capitals,Royal Challengers Bengaluru,Pinnacle,1.98,1.92,0.505051,0.520833,1.025884,0.492308,0.507692,2021-10-08T13:30:00Z
1254114,2021-10-10,Delhi Capitals,Chennai Super Kings,Pinnacle,1.99,1.91,0.502513,0.52356,1.026073,0.489744,0.510256,2021-10-10T13:30:00Z
1254115,2021-10-11,Royal Challengers Bengaluru,Kolkata Knight Riders,Pinnacle,1.94,1.96,0.515464,0.510204,1.025668,0.502564,0.497436,2021-10-11T13:30:00Z
1254116,2021-10-13,Delhi Capitals,Kolkata Knight Riders,Pinnacle,2.0,1.91,0.5,0.52356,1.02356,0.488491,0.511509,2021-10-13T13:30:00Z
1254117,2021-10-15,Chennai Super Kings,Kolkata Knight Riders,Pinnacle,1.93,1.97,0.518135,0.507614,1.025749,0.505128,0.494872,2021-10-15T13:30:00Z
1304047,2022-03-26,Chennai Super Kings,Kolkata Knight Riders,Pinnacle,1.83,1.96,0.546448,0.510204,1.056652,0.51715,0.48285,2022-03-26T13:30:00Z
1304048,2022-03-27,Mumbai Indians,Delhi Capitals,Pinnacle,1.74,2.21,0.574713,0.452489,1.027201,0.559494,0.440506,2022-03-27T13:30:00Z
1304049,2022-03-27,Royal Challengers Bengaluru,Punjab Kings,Pinnacle,1.8,2.0,0.555556,0.5,1.055556,0.526316,0.473684,2022-03-27T13:30:00Z
1304050,2022-03-28,Lucknow Super Giants,Gujarat Titans,Pinnacle,2.25,1.71,0.444444,0.584795,1.02924,0.431818,0.568182,2022-03-28T13:30:00Z
1304051,2022-03-29,Rajasthan Royals,Sunrisers Hyderabad,Pinnacle,1.64,2.38,0.609756,0.420168,1.029924,0.59204,0.40796,2022-03-29T13:30:00Z
1304052,2022-03-30,Kolkata Knight Riders,Royal Challengers Bengaluru,Pinnacle,2.17,1.76,0.460829,0.568182,1.029011,0.447837,0.552163,2022-03-30T13:30:00Z
1304053,2022-03-31,Chennai Super Kings,Lucknow Super Giants,Pinnacle,1.77,2.11,0.564972,0.473934,1.038905,0.543814,0.456186,2022-03-31T13:30:00Z
1304054,2022-04-01,Punjab Kings,Kolkata Knight Riders,Pinnacle,1.76,2.13,0.568182,0.469484,1.037665,0.547558,0.452442,2022-04-01T13:30:00Z
1304055,2022-04-02,Rajasthan Royals,Mumbai Indians,Pinnacle,2.19,1.68,0.456621,0.595238,1.051859,0.434109,0.565891,2022-04-02T13:30:00Z
1304056,2022-04-02,Gujarat Titans,Delhi Capitals,Pinnacle,1.93,1.81,0.518135,0.552486,1.070621,0.483957,0.516043,2022-04-02T13:30:00Z
1304057,2022-04-03,Punjab Kings,Chennai Super Kings,Pinnacle,1.98,1.88,0.505051,0.531915,1.036965,0.487047,0.512953,2022-04-03T13:30:00Z
1304058,2022-04-04,Lucknow Super Giants,Sunrisers Hyderabad,Pinnacle,1.65,2.32,0.606061,0.431034,1.037095,0.584383,0.415617,2022-04-04T13:30:00Z
1304059,2022-04-05,Rajasthan Royals,Royal Challengers Bengaluru,Pinnacle,2.01,1.88,0.497512,0.531915,1.029427,0.48329,0.51671,2022-04-05T13:30:00Z
1304060,2022-04-06,Mumbai Indians,Kolkata Knight Riders,Pinnacle,1.75,2.14,0.571429,0.46729,1.038718,0.550129,0.449871,2022-04-06T13:30:00Z
1304061,2022-04-07,Delhi Capitals,Lucknow Super Giants,Pinnacle,1.79,2.08,0.558659,0.480769,1.039428,0.537468,0.462532,2022-04-07T13:30:00Z
1304062,2022-04-08,Punjab Kings,Gujarat Titans,Pinnacle,1.92,1.93,0.520833,0.518135,1.038968,0.501299,0.498701,2022-04-08T13:30:00Z
1304063,2022-04-09,Chennai Super Kings,Sunrisers Hyderabad,Pinnacle,1.79,2.04,0.558659,0.490196,1.048855,0.532637,0.467363,2022-04-09T13:30:00Z
1304064,2022-04-09,Mumbai Indians,Royal Challengers Bengaluru,Pinnacle,2.0,1.85,0.5,0.540541,1.040541,0.480519,0.519481,2022-04-09T13:30:00Z
1304065,2022-04-10,Delhi Capitals,Kolkata Knight Riders,Pinnacle,2.15,1.71,0.465116,0.584795,1.049912,0.443005,0.556995,2022-04-10T13:30:00Z
1304066,2022-04-10,Rajasthan Royals,Lucknow Super Giants,Pinnacle,1.81,2.05,0.552486,0.487805,1.040291,0.531088,0.468912,2022-04-10T13:30:00Z
1304067,2022-04-11,Gujarat Titans,Sunrisers Hyderabad,Pinnacle,1.69,2.23,0.591716,0.44843,1.040146,0.568878,0.431122,2022-04-11T13:30:00Z
1304068,2022-04-12,Chennai Super Kings,Royal Challengers Bengaluru,Pinnacle,2.13,1.76,0.469484,0.568182,1.037665,0.452442,0.547558,2022-04-12T13:30:00Z
1304069,2022-04-13,Punjab Kings,Mumbai Indians,Pinnacle,2.01,1.85,0.497512,0.540541,1.038053,0.479275,0.520725,2022-04-13T13:30:00Z
1304070,2022-04-14,Gujarat Titans,Rajasthan Royals,Pinnacle,1.96,1.89,0.510204,0.529101,1.039305,0.490909,0.509091,2022-04-14T13:30:00Z
1304071,2022-04-15,Kolkata Knight Riders,Sunrisers Hyderabad,Pinnacle,1.68,2.26,0.595238,0.442478,1.037716,0.573604,0.426396,2022-04-15T13:30:00Z
1304073,2022-04-16,Royal Challengers Bengaluru,Delhi Capitals,Pinnacle,1.83,2.03,0.546448,0.492611,1.039059,0.525907,0.474093,2022-04-16T13:30:00Z
1304074,2022-04-17,Punjab Kings,Sunrisers Hyderabad,Pinnacle,2.06,1.78,0.485437,0.561798,1.047235,0.463542,0.536458,2022-04-17T13:30:00Z
1304075,2022-04-17,Chennai Super Kings,Gujarat Titans,Pinnacle,1.96,1.79,0.510204,0.558659,1.068863,0.477333,0.522667,2022-04-17T13:30:00Z
1304076,2022-04-18,Rajasthan Royals,Kolkata Knight Riders,Pinnacle,1.83,2.03,0.546448,0.492611,1.039059,0.525907,0.474093,2022-04-18T13:30:00Z
1304077,2022-04-19,Royal Challengers Bengaluru,Lucknow Super Giants,Pinnacle,1.78,2.07,0.561798,0.483092,1.04489,0.537662,0.462338,2022-04-19T13:30:00Z
1304078,2022-04-20,Punjab Kings,Delhi Capitals,Pinnacle,1.81,1.95,0.552486,0.512821,1.065307,0.518617,0.481383,2022-04-20T13:30:00Z
1304079,2022-04-21,Mumbai Indians,Chennai Super Kings,Pinnacle,1.82,1.94,0.549451,0.515464,1.064914,0.515957,0.484043,2022-04-21T13:30:00Z
1304080,2022-04-22,Rajasthan Royals,Delhi Capitals,Pinnacle,1.84,1.92,0.543478,0.520833,1.064312,0.510638,0.489362,2022-04-22T13:30:00Z
1304081,2022-04-23,Gujarat Titans,Kolkata Knight Riders,Pinnacle,1.97,1.73,0.507614,0.578035,1.085649,0.467568,0.532432,2022-04-23T13:30:00Z
1304082,2022-04-23,Royal Challengers Bengaluru,Sunrisers Hyderabad,Pinnacle,1.68,2.12,0.595238,0.471698,1.066936,0.557895,0.442105,2022-04-23T13:30:00Z
1304083,2022-04-24,Lucknow Super Giants,Mumbai Indians,Pinnacle,1.87,1.75,0.534759,0.571429,1.106188,0.483425,0.516575,2022-04-24T13:30:00Z
1304084,2022-04-25,Punjab Kings,Chennai Super Kings,Pinnacle,1.94,1.81,0.515464,0.552486,1.06795,0.482667,0.517333,2022-04-25T13:30:00Z
1304085,2022-04-26,Rajasthan Royals,Royal Challengers Bengaluru,Pinnacle,1.73,1.88,0.578035,0.531915,1.10995,0.520776,0.479224,2022-04-26T13:30:00Z
1304086,2022-04-27,Sunrisers Hyderabad,Gujarat Titans,Pinnacle,1.83,1.93,0.546448,0.518135,1.064583,0.513298,0.486702,2022-04-27T13:30:00Z
1304087,2022-04-28,Kolkata Knight Riders,Delhi Capitals,Pinnacle,1.84,1.91,0.543478,0.52356,1.067038,0.509333,0.490667,2022-04-28T13:30:00Z
1304088,2022-04-29,Lucknow Super Giants,Punjab Kings,Pinnacle,1.77,1.85,0.564972,0.540541,1.105512,0.51105,0.48895,2022-04-29T13:30:00Z
1304089,2022-04-30,Royal Challengers Bengaluru,Gujarat Titans,Pinnacle,1.79,1.9,0.558659,0.526316,1.084975,0.514905,0.485095,2022-04-30T13:30:00Z
1304090,2022-04-30,Rajasthan Royals,Mumbai Indians,Pinnacle,1.72,2.06,0.581395,0.485437,1.066832,0.544974,0.455026,2022-04-30T13:30:00Z
1304091,2022-05-01,Lucknow Super Giants,Delhi Capitals,Pinnacle,1.99,1.71,0.502513,0.584795,1.087308,0.462162,0.537838,2022-05-01T13:30:00Z
1304092,2022-05-01,Chennai Super Kings,Sunrisers Hyderabad,Pinnacle,1.92,1.84,0.520833,0.543478,1.064312,0.489362,0.510638,2022-05-01T13:30:00Z
1304093,2022-05-02,Rajasthan Royals,Kolkata Knight Riders,Pinnacle,1.77,2.0,0.564972,0.5,1.064972,0.530504,0.469496,2022-05-02T13:30:00Z
1304094,2022-05-03,Gujarat Titans,Punjab Kings,Pinnacle,1.82,1.94,0.549451,0.515464,1.064914,0.515957,0.484043,2022-05-03T13:30:00Z
1304095,2022-05-04,Royal Challengers Bengaluru,Chennai Super Kings,Pinnacle,1.86,1.95,0.537634,0.512821,1.050455,0.511811,0.488189,2022-05-04T13:30:00Z
1304096,2022-05-05,Delhi Capitals,Sunrisers Hyderabad,Pinnacle,1.89,1.93,0.529101,0.518135,1.047235,0.505236,0.494764,2022-05-05T13:30:00Z
1304097,2022-05-06,Mumbai Indians,Gujarat Titans,Pinnacle,1.83,2.0,0.546448,0.5,1.046448,0.522193,0.477807,2022-05-06T13:30:00Z
1304098,2022-05-07,Punjab Kings,Rajasthan Royals,Pinnacle,1.91,1.83,0.52356,0.546448,1.070008,0.489305,0.510695,2022-05-07T13:30:00Z
1304099,2022-05-07,Lucknow Super Giants,Kolkata Knight Riders,Pinnacle,1.8,2.04,0.555556,0.490196,1.045752,0.53125,0.46875,2022-05-07T13:30:00Z
1304100,2022-05-08,Royal Challengers Bengaluru,Sunrisers Hyderabad,Pinnacle,1.74,2.02,0.574713,0.49505,1.069762,0.537234,0.462766,2022-05-08T13:30:00Z
1304101,2022-05-08,Chennai Super Kings,Delhi Capitals,Pinnacle,2.07,1.78,0.483092,0.561798,1.04489,0.462338,0.537662,2022-05-08T13:30:00Z
1304102,2022-05-09,Kolkata Knight Riders,Mumbai Indians,Pinnacle,2.01,1.69,0.497512,0.591716,1.089228,0.456757,0.543243,2022-05-09T13:30:00Z
1304103,2022-05-10,Gujarat Titans,Lucknow Super Giants,Pinnacle,1.95,1.87,0.512821,0.534759,1.04758,0.489529,0.510471,2022-05-10T13:30:00Z
1304104,2022-05-11,Rajasthan Royals,Delhi Capitals,Pinnacle,1.79,2.04,0.558659,0.490196,1.048855,0.532637,0.467363,2022-05-11T13:30:00Z
1304105,2022-05-12,Chennai Super Kings,Mumbai Indians,Pinnacle,1.81,2.03,0.552486,0.492611,1.045097,0.528646,0.471354,2022-05-12T13:30:00Z
1304106,2022-05-13,Punjab Kings,Royal Challengers Bengaluru,Pinnacle,2.09,1.76,0.478469,0.568182,1.046651,0.457143,0.542857,2022-05-13T13:30:00Z
1304107,2022-05-14,Kolkata Knight Riders,Sunrisers Hyderabad,Pinnacle,1.84,1.98,0.543478,0.505051,1.048529,0.518325,0.481675,2022-05-14T13:30:00Z
1304108,2022-05-15,Chennai Super Kings,Gujarat Titans,Pinnacle,2.27,1.59,0.440529,0.628931,1.069459,0.411917,0.588083,2022-05-15T13:30:00Z
1304109,2022-05-15,Rajasthan Royals,Lucknow Super Giants,Pinnacle,2.0,1.83,0.5,0.546448,1.046448,0.477807,0.522193,2022-05-15T13:30:00Z
1304110,2022-05-16,Delhi Capitals,Punjab Kings,Pinnacle,1.87,1.95,0.534759,0.512821,1.04758,0.510471,0.489529,2022-05-16T13:30:00Z
1304111,2022-05-17,Sunrisers Hyderabad,Mumbai Indians,Pinnacle,2.04,1.79,0.490196,0.558659,1.048855,0.467363,0.532637,2022-05-17T13:30:00Z
1304112,2022-05-18,Lucknow Super Giants,Kolkata Knight Riders,Pinnacle,1.74,2.12,0.574713,0.471698,1.046411,0.549223,0.450777,2022-05-18T13:30:00Z
1304113,2022-05-19,Gujarat Titans,Royal Challengers Bengaluru,Pinnacle,2.04,1.79,0.490196,0.558659,1.048855,0.467363,0.532637,2022-05-19T13:30:00Z
1304114,2022-05-20,Chennai Super Kings,Rajasthan Royals,Pinnacle,2.17,1.7,0.460829,0.588235,1.049065,0.439276,0.560724,2022-05-20T13:30:00Z
1304115,2022-05-21,Delhi Capitals,Mumbai Indians,Pinnacle,1.74,2.13,0.574713,0.469484,1.044196,0.550388,0.449612,2022-05-21T13:30:00Z
1304116,2022-05-22,Sunrisers Hyderabad,Punjab Kings,Pinnacle,2.01,1.81,0.497512,0.552486,1.049999,0.473822,0.526178,2022-05-22T13:30:00Z
1312197,2022-05-24,Rajasthan Royals,Gujarat Titans,Pinnacle,1.95,1.87,0.512821,0.534759,1.04758,0.489529,0.510471,2022-05-24T13:30:00Z
1312198,2022-05-25,Royal Challengers Bengaluru,Lucknow Super Giants,Pinnacle,1.83,1.99,0.546448,0.502513,1.048961,0.520942,0.479058,2022-05-25T13:30:00Z
1312199,2022-05-27,Royal Challengers Bengaluru,Rajasthan Royals,Pinnacle,1.81,1.93,0.552486,0.518135,1.070621,0.516043,0.483957,2022-05-27T13:30:00Z
1312200,2022-05-29,Rajasthan Royals,Gujarat Titans,Pinnacle,1.86,1.96,0.537634,0.510204,1.047838,0.513089,0.486911,2022-05-29T13:30:00Z
1359475,2023-03-31,Chennai Super Kings,Gujarat Titans,Pinnacle,2.2,1.74,0.454545,0.574713,1.029258,0.441624,0.558376,2023-03-31T13:30:00Z
1359477,2023-04-01,Lucknow Super Giants,Delhi Capitals,Pinnacle,1.92,1.97,0.520833,0.507614,1.028448,0.506427,0.493573,2023-04-01T13:30:00Z
1359479,2023-04-02,Mumbai Indians,Royal Challengers Bengaluru,Pinnacle,1.9,1.99,0.526316,0.502513,1.028828,0.511568,0.488432,2023-04-02T13:30:00Z
1359480,2023-04-03,Chennai Super Kings,Lucknow Super Giants,Pinnacle,2.05,1.85,0.487805,0.540541,1.028345,0.474359,0.525641,2023-04-03T13:30:00Z
1359481,2023-04-04,Delhi Capitals,Gujarat Titans,Pinnacle,2.04,1.85,0.490196,0.540541,1.030737,0.475578,0.524422,2023-04-04T13:30:00Z
1359482,2023-04-05,Punjab Kings,Rajasthan Royals,Pinnacle,2.26,1.7,0.442478,0.588235,1.030713,0.429293,0.570707,2023-04-05T13:30:00Z
1359483,2023-04-06,Kolkata Knight Riders,Royal Challengers Bengaluru,Pinnacle,2.2,1.74,0.454545,0.574713,1.029258,0.441624,0.558376,2023-04-06T13:30:00Z
1359484,2023-04-07,Sunrisers Hyderabad,Lucknow Super Giants,Pinnacle,2.27,1.69,0.440529,0.591716,1.032245,0.426768,0.573232,2023-04-07T13:30:00Z
1359485,2023-04-08,Rajasthan Royals,Delhi Capitals,Pinnacle,1.05,13.5,0.952381,0.074074,1.026455,0.927835,0.072165,2023-04-08T13:30:00Z
1359486,2023-04-08,Mumbai Indians,Chennai Super Kings,Pinnacle,1.85,2.05,0.540541,0.487805,1.028345,0.525641,0.474359,2023-04-08T13:30:00Z
1359487,2023-04-09,Gujarat Titans,Kolkata Knight Riders,Pinnacle,2.6,1.57,0.384615,0.636943,1.021558,0.376499,0.623501,2023-04-09T13:30:00Z
1359488,2023-04-09,Punjab Kings,Sunrisers Hyderabad,Pinnacle,1.78,2.15,0.561798,0.465116,1.026914,0.547074,0.452926,2023-04-09T13:30:00Z
1359489,2023-04-10,Royal Challengers Bengaluru,Lucknow Super Giants,Pinnacle,1.95,1.93,0.512821,0.518135,1.030955,0.497423,0.502577,2023-04-10T13:30:00Z
1359490,2023-04-11,Delhi Capitals,Mumbai Indians,Pinnacle,2.07,1.83,0.483092,0.546448,1.02954,0.469231,0.530769,2023-04-11T13:30:00Z
1359491,2023-04-12,Rajasthan Royals,Chennai Super Kings,Pinnacle,1.91,1.97,0.52356,0.507614,1.031174,0.507732,0.492268,2023-04-12T13:30:00Z
1359492,2023-04-13,Punjab Kings,Gujarat Titans,Pinnacle,2.08,1.82,0.480769,0.549451,1.03022,0.466667,0.533333,2023-04-13T13:30:00Z
1359493,2023-04-14,Sunrisers Hyderabad,Kolkata Knight Riders,Pinnacle,2.09,1.81,0.478469,0.552486,1.030955,0.464103,0.535897,2023-04-14T13:30:00Z
1359494,2023-04-15,Royal Challengers Bengaluru,Delhi Capitals,Pinnacle,1.04,18.0,0.961538,0.055556,1.017094,0.945378,0.054622,2023-04-15T13:30:00Z
1359495,2023-04-15,Lucknow Super Giants,Punjab Kings,Pinnacle,1.75,2.19,0.571429,0.456621,1.02805,0.555838,0.444162,2023-04-15T13:30:00Z
1359497,2023-04-16,Gujarat Titans,Rajasthan Royals,Pinnacle,1.86,2.03,0.537634,0.492611,1.030245,0.521851,0.478149,2023-04-16T13:30:00Z
1359498,2023-04-17,Chennai Super Kings,Royal Challengers Bengaluru,Pinnacle,2.13,1.79,0.469484,0.558659,1.028143,0.456633,0.543367,2023-04-17T13:30:00Z
1359499,2023-04-18,Mumbai Indians,Sunrisers Hyderabad,Pinnacle,1.83,2.07,0.546448,0.483092,1.02954,0.530769,0.469231,2023-04-18T13:30:00Z
1359500,2023-04-19,Lucknow Super Giants,Rajasthan Royals,Pinnacle,2.09,1.82,0.478469,0.549451,1.027919,0.465473,0.534527,2023-04-19T13:30:00Z
1359502,2023-04-20,Kolkata Knight Riders,Delhi Capitals,Pinnacle,1.7,2.26,0.588235,0.442478,1.030713,0.570707,0.429293,2023-04-20T13:30:00Z
1359503,2023-04-21,Sunrisers Hyderabad,Chennai Super Kings,Pinnacle,2.16,1.76,0.462963,0.568182,1.031145,0.44898,0.55102,2023-04-21T13:30:00Z
1359504,2023-04-22,Gujarat Titans,Lucknow Super Giants,Pinnacle,12.0,1.06,0.083333,0.943396,1.02673,0.081164,0.918836,2023-04-22T13:30:00Z
1359505,2023-04-22,Punjab Kings,Mumbai Indians,Pinnacle,2.18,1.75,0.458716,0.571429,1.030144,0.445293,0.554707,2023-04-22T13:30:00Z
1359507,2023-04-23,Chennai Super Kings,Kolkata Knight Riders,Pinnacle,1.75,2.18,0.571429,0.458716,1.030144,0.554707,0.445293,2023-04-23T13:30:00Z
1359508,2023-04-24,Delhi Capitals,Sunrisers Hyderabad,Pinnacle,2.06,1.83,0.485437,0.546448,1.031885,0.470437,0.529563,2023-04-24T13:30:00Z
1359509,2023-04-25,Gujarat Titans,Mumbai Indians,Pinnacle,1.85,2.04,0.540541,0.490196,1.030737,0.524422,0.475578,2023-04-25T13:30:00Z
1359510,2023-04-26,Kolkata Knight Riders,Royal Challengers Bengaluru,Pinnacle,2.17,1.76,0.460829,0.568182,1.029011,0.447837,0.552163,2023-04-26T13:30:00Z
1359511,2023-04-27,Rajasthan Royals,Chennai Super Kings,Pinnacle,1.87,2.02,0.534759,0.49505,1.029809,0.51928,0.48072,2023-04-27T13:30:00Z
1359512,2023-04-28,Lucknow Super Giants,Punjab Kings,Pinnacle,1.83,2.07,0.546448,0.483092,1.02954,0.530769,0.469231,2023-04-28T13:30:00Z
1359513,2023-04-29,Kolkata Knight Riders,Gujarat Titans,Pinnacle,4.2,1.27,0.238095,0.787402,1.025497,0.232176,0.767824,2023-04-29T13:30:00Z
1359514,2023-04-29,Sunrisers Hyderabad,Delhi Capitals,Pinnacle,2.02,1.87,0.49505,0.534759,1.029809,0.48072,0.51928,2023-04-29T13:30:00Z
1359515,2023-04-30,Chennai Super Kings,Punjab Kings,Pinnacle,1.27,4.4,0.787402,0.227273,1.014674,0.776014,0.223986,2023-04-30T13:30:00Z
1359516,2023-04-30,Rajasthan Royals,Mumbai Indians,Pinnacle,1.86,2.03,0.537634,0.492611,1.030245,0.521851,0.478149,2023-04-30T13:30:00Z
1359517,2023-05-01,Royal Challengers Bengaluru,Lucknow Super Giants,Pinnacle,1.94,1.94,0.515464,0.515464,1.030928,0.5,0.5,2023-05-01T13:30:00Z
1359518,2023-05-02,Delhi Capitals,Gujarat Titans,Pinnacle,2.31,1.68,0.4329,0.595238,1.028139,0.421053,0.578947,2023-05-02T13:30:00Z
1359520,2023-05-03,Punjab Kings,Mumbai Indians,Pinnacle,2.03,1.87,0.492611,0.534759,1.02737,0.479487,0.520513,2023-05-03T13:30:00Z
1359521,2023-05-04,Kolkata Knight Riders,Sunrisers Hyderabad,Pinnacle,2.04,1.86,0.490196,0.537634,1.02783,0.476923,0.523077,2023-05-04T13:30:00Z
1359522,2023-05-05,Rajasthan Royals,Gujarat Titans,Pinnacle,2.0,1.88,0.5,0.531915,1.031915,0.484536,0.515464,2023-05-05T13:30:00Z
1359524,2023-05-06,Royal Challengers Bengaluru,Delhi Capitals,Pinnacle,1.74,2.21,0.574713,0.452489,1.027201,0.559494,0.440506,2023-05-06T13:30:00Z
1359525,2023-05-07,Gujarat Titans,Lucknow Super Giants,Pinnacle,1.05,13.5,0.952381,0.074074,1.026455,0.927835,0.072165,2023-05-07T13:30:00Z
1359526,2023-05-07,Rajasthan Royals,Sunrisers Hyderabad,Pinnacle,1.71,2.25,0.584795,0.444444,1.02924,0.568182,0.431818,2023-05-07T13:30:00Z
1359527,2023-05-08,Punjab Kings,Kolkata Knight Riders,Pinnacle,2.08,1.82,0.480769,0.549451,1.03022,0.466667,0.533333,2023-05-08T13:30:00Z
1359528,2023-05-09,Royal Challengers Bengaluru,Mumbai Indians,Pinnacle,2.04,1.85,0.490196,0.540541,1.030737,0.475578,0.524422,2023-05-09T13:30:00Z
1359529,2023-05-10,Chennai Super Kings,Delhi Capitals,Pinnacle,1.72,2.23,0.581395,0.44843,1.029826,0.564557,0.435443,2023-05-10T13:30:00Z
1359530,2023-05-11,Kolkata Knight Riders,Rajasthan Royals,Pinnacle,2.13,1.79,0.469484,0.558659,1.028143,0.456633,0.543367,2023-05-11T13:30:00Z
1359531,2023-05-12,Mumbai Indians,Gujarat Titans,Pinnacle,2.01,1.88,0.497512,0.531915,1.029427,0.48329,0.51671,2023-05-12T13:30:00Z
1359532,2023-05-13,Sunrisers Hyderabad,Lucknow Super Giants,Pinnacle,1.31,3.8,0.763359,0.263158,1.026517,0.74364,0.25636,2023-05-13T13:30:00Z
1359533,2023-05-13,Punjab Kings,Delhi Capitals,Pinnacle,1.89,2.0,0.529101,0.5,1.029101,0.514139,0.485861,2023-05-13T13:30:00Z
1359535,2023-05-14,Chennai Super Kings,Kolkata Knight Riders,Pinnacle,1.66,2.35,0.60241,0.425532,1.027942,0.586035,0.413965,2023-05-14T13:30:00Z
1359536,2023-05-15,Gujarat Titans,Sunrisers Hyderabad,Pinnacle,1.63,2.4,0.613497,0.416667,1.030164,0.595533,0.404467,2023-05-15T13:30:00Z
1359537,2023-05-16,Lucknow Super Giants,Mumbai Indians,Pinnacle,2.07,1.83,0.483092,0.546448,1.02954,0.469231,0.530769,2023-05-16T13:30:00Z
1359538,2023-05-17,Delhi Capitals,Punjab Kings,Pinnacle,2.12,1.79,0.471698,0.558659,1.030357,0.457801,0.542199,2023-05-17T13:30:00Z
1359539,2023-05-18,Sunrisers Hyderabad,Royal Challengers Bengaluru,Pinnacle,2.3,1.57,0.434783,0.636943,1.071725,0.405685,0.594315,2023-05-18T13:30:00Z
1359540,2023-05-19,Punjab Kings,Rajasthan Royals,Pinnacle,2.14,1.78,0.46729,0.561798,1.029087,0.454082,0.545918,2023-05-19T13:30:00Z
1359542,2023-05-20,Lucknow Super Giants,Kolkata Knight Riders,Pinnacle,1.83,2.07,0.546448,0.483092,1.02954,0.530769,0.469231,2023-05-20T13:30:00Z
1359543,2023-05-21,Sunrisers Hyderabad,Mumbai Indians,Pinnacle,18.0,1.03,0.055556,0.970874,1.026429,0.054125,0.945875,2023-05-21T13:30:00Z
1359544,2023-05-21,Royal Challengers Bengaluru,Gujarat Titans,Pinnacle,1.77,1.98,0.564972,0.505051,1.070022,0.528,0.472,2023-05-21T13:30:00Z
1370350,2023-05-23,Chennai Super Kings,Gujarat Titans,Pinnacle,1.87,1.87,0.534759,0.534759,1.069519,0.5,0.5,2023-05-23T13:30:00Z
1370351,2023-05-24,Mumbai Indians,Lucknow Super Giants,Pinnacle,1.74,2.2,0.574713,0.454545,1.029258,0.558376,0.441624,2023-05-24T13:30:00Z
1370352,2023-05-26,Gujarat Titans,Mumbai Indians,Pinnacle,1.85,2.04,0.540541,0.490196,1.030737,0.524422,0.475578,2023-05-26T13:30:00Z
1422119,2024-03-22,Royal Challengers Bengaluru,Chennai Super Kings,Pinnacle,2.11,1.8,0.473934,0.555556,1.029489,0.460358,0.539642,2024-03-22T13:30:00Z
1422120,2024-03-23,Delhi Capitals,Punjab Kings,Pinnacle,1.87,2.03,0.534759,0.492611,1.02737,0.520513,0.479487,2024-03-23T13:30:00Z
1422121,2024-03-23,Kolkata Knight Riders,Sunrisers Hyderabad,Pinnacle,1.88,2.01,0.531915,0.497512,1.029427,0.51671,0.48329,2024-03-23T13:30:00Z
1422122,2024-03-24,Rajasthan Royals,Lucknow Super Giants,Pinnacle,1.81,2.1,0.552486,0.47619,1.028677,0.537084,0.462916,2024-03-24T13:30:00Z
1422123,2024-03-24,Gujarat Titans,Mumbai Indians,Pinnacle,2.16,1.76,0.462963,0.568182,1.031145,0.44898,0.55102,2024-03-24T13:30:00Z
1422124,2024-03-25,Punjab Kings,Royal Challengers Bengaluru,Pinnacle,2.21,1.73,0.452489,0.578035,1.030523,0.439086,0.560914,2024-03-25T13:30:00Z
1422125,2024-03-26,Chennai Super Kings,Gujarat Titans,Pinnacle,1.78,2.15,0.561798,0.465116,1.026914,0.547074,0.452926,2024-03-26T13:30:00Z
1422126,2024-03-27,Sunrisers Hyderabad,Mumbai Indians,Pinnacle,2.18,1.75,0.458716,0.571429,1.030144,0.445293,0.554707,2024-03-27T13:30:00Z
1422127,2024-03-28,Rajasthan Royals,Delhi Capitals,Pinnacle,1.72,2.23,0.581395,0.44843,1.029826,0.564557,0.435443,2024-03-28T13:30:00Z
1422128,2024-03-29,Royal Challengers Bengaluru,Kolkata Knight Riders,Pinnacle,1.83,2.07,0.546448,0.483092,1.02954,0.530769,0.469231,2024-03-29T13:30:00Z
1422129,2024-03-30,Lucknow Super Giants,Punjab Kings,Pinnacle,1.81,2.1,0.552486,0.47619,1.028677,0.537084,0.462916,2024-03-30T13:30:00Z
1422130,2024-03-31,Sunrisers Hyderabad,Gujarat Titans,Pinnacle,1.84,2.06,0.543478,0.485437,1.028915,0.528205,0.471795,2024-03-31T13:30:00Z
1422131,2024-03-31,Delhi Capitals,Chennai Super Kings,Pinnacle,2.3,1.68,0.434783,0.595238,1.030021,0.422111,0.577889,2024-03-31T13:30:00Z
1422132,2024-04-01,Mumbai Indians,Rajasthan Royals,Pinnacle,1.79,2.12,0.558659,0.471698,1.030357,0.542199,0.457801,2024-04-01T13:30:00Z
1422133,2024-04-02,Lucknow Super Giants,Royal Challengers Bengaluru,Pinnacle,2.13,1.79,0.469484,0.558659,1.028143,0.456633,0.543367,2024-04-02T13:30:00Z
1422134,2024-04-03,Kolkata Knight Riders,Delhi Capitals,Pinnacle,1.8,2.11,0.555556,0.473934,1.029489,0.539642,0.460358,2024-04-03T13:30:00Z
1422135,2024-04-04,Gujarat Titans,Punjab Kings,Pinnacle,1.73,2.22,0.578035,0.45045,1.028485,0.562025,0.437975,2024-04-04T13:30:00Z
1422136,2024-04-05,Chennai Super Kings,Sunrisers Hyderabad,Pinnacle,1.81,2.1,0.552486,0.47619,1.028677,0.537084,0.462916,2024-04-05T13:30:00Z
1422137,2024-04-06,Royal Challengers Bengaluru,Rajasthan Royals,Pinnacle,2.13,1.79,0.469484,0.558659,1.028143,0.456633,0.543367,2024-04-06T13:30:00Z
1422138,2024-04-07,Mumbai Indians,Delhi Capitals,Pinnacle,1.58,2.52,0.632911,0.396825,1.029737,0.614634,0.385366,2024-04-07T13:30:00Z
1422139,2024-04-07,Lucknow Super Giants,Gujarat Titans,Pinnacle,1.81,2.09,0.552486,0.478469,1.030955,0.535897,0.464103,2024-04-07T13:30:00Z
1426260,2024-04-08,Kolkata Knight Riders,Chennai Super Kings,Pinnacle,1.89,1.99,0.529101,0.502513,1.031613,0.512887,0.487113,2024-04-08T13:30:00Z
1426261,2024-04-09,Sunrisers Hyderabad,Punjab Kings,Pinnacle,1.81,2.1,0.552486,0.47619,1.028677,0.537084,0.462916,2024-04-09T13:30:00Z
1426262,2024-04-10,Rajasthan Royals,Gujarat Titans,Pinnacle,1.7,2.26,0.588235,0.442478,1.030713,0.570707,0.429293,2024-04-10T13:30:00Z
1426263,2024-04-11,Royal Challengers Bengaluru,Mumbai Indians,Pinnacle,2.37,1.65,0.421941,0.606061,1.028002,0.410448,0.589552,2024-04-11T13:30:00Z
1426264,2024-04-12,Lucknow Super Giants,Delhi Capitals,Pinnacle,1.74,2.2,0.574713,0.454545,1.029258,0.558376,0.441624,2024-04-12T13:30:00Z
1426265,2024-04-13,Punjab Kings,Rajasthan Royals,Pinnacle,2.17,1.76,0.460829,0.568182,1.029011,0.447837,0.552163,2024-04-13T13:30:00Z
1426266,2024-04-14,Lucknow Super Giants,Kolkata Knight Riders,Pinnacle,2.2,1.74,0.454545,0.574713,1.029258,0.441624,0.558376,2024-04-14T13:30:00Z
1426267,2024-04-14,Chennai Super Kings,Mumbai Indians,Pinnacle,2.38,1.64,0.420168,0.609756,1.029924,0.40796,0.59204,2024-04-14T13:30:00Z
1426268,2024-04-15,Sunrisers Hyderabad,Royal Challengers Bengaluru,Pinnacle,1.8,2.11,0.555556,0.473934,1.029489,0.539642,0.460358,2024-04-15T13:30:00Z
1426269,2024-04-16,Kolkata Knight Riders,Rajasthan Royals,Pinnacle,1.76,2.17,0.568182,0.460829,1.029011,0.552163,0.447837,2024-04-16T13:30:00Z
1426270,2024-04-17,Gujarat Titans,Delhi Capitals,Pinnacle,1.75,2.18,0.571429,0.458716,1.030144,0.554707,0.445293,2024-04-17T13:30:00Z
1426271,2024-04-18,Mumbai Indians,Punjab Kings,Pinnacle,1.52,2.69,0.657895,0.371747,1.029642,0.638955,0.361045,2024-04-18T13:30:00Z
1426272,2024-04-19,Chennai Super Kings,Lucknow Super Giants,Pinnacle,1.75,2.19,0.571429,0.456621,1.02805,0.555838,0.444162,2024-04-19T13:30:00Z
1426273,2024-04-20,Sunrisers Hyderabad,Delhi Capitals,Pinnacle,1.73,2.21,0.578035,0.452489,1.030523,0.560914,0.439086,2024-04-20T13:30:00Z
1426274,2024-04-21,Kolkata Knight Riders,Royal Challengers Bengaluru,Pinnacle,1.7,2.27,0.588235,0.440529,1.028764,0.571788,0.428212,2024-04-21T13:30:00Z
1426275,2024-04-21,Punjab Kings,Gujarat Titans,Pinnacle,2.11,1.81,0.473934,0.552486,1.02642,0.461735,0.538265,2024-04-21T13:30:00Z
1426276,2024-04-22,Mumbai Indians,Rajasthan Royals,Pinnacle,1.78,2.14,0.561798,0.46729,1.029087,0.545918,0.454082,2024-04-22T13:30:00Z
1426277,2024-04-23,Chennai Super Kings,Lucknow Super Giants,Pinnacle,1.78,2.14,0.561798,0.46729,1.029087,0.545918,0.454082,2024-04-23T13:30:00Z
1426278,2024-04-24,Delhi Capitals,Gujarat Titans,Pinnacle,2.04,1.85,0.490196,0.540541,1.030737,0.475578,0.524422,2024-04-24T13:30:00Z
1426279,2024-04-25,Royal Challengers Bengaluru,Sunrisers Hyderabad,Pinnacle,2.31,1.67,0.4329,0.598802,1.031703,0.419598,0.580402,2024-04-25T13:30:00Z
1426280,2024-04-26,Kolkata Knight Riders,Punjab Kings,Pinnacle,1.67,2.31,0.598802,0.4329,1.031703,0.580402,0.419598,2024-04-26T13:30:00Z
1426281,2024-04-27,Delhi Capitals,Mumbai Indians,Pinnacle,2.65,1.53,0.377358,0.653595,1.030953,0.366029,0.633971,2024-04-27T13:30:00Z
1426282,2024-04-27,Lucknow Super Giants,Rajasthan Royals,Pinnacle,2.1,1.81,0.47619,0.552486,1.028677,0.462916,0.537084,2024-04-27T13:30:00Z
1426284,2024-04-28,Chennai Super Kings,Sunrisers Hyderabad,Pinnacle,1.89,2.0,0.529101,0.5,1.029101,0.514139,0.485861,2024-04-28T13:30:00Z
1426285,2024-04-29,Delhi Capitals,Kolkata Knight Riders,Pinnacle,2.23,1.72,0.44843,0.581395,1.029826,0.435443,0.564557,2024-04-29T13:30:00Z
1426286,2024-04-30,Mumbai Indians,Lucknow Super Giants,Pinnacle,1.78,2.15,0.561798,0.465116,1.026914,0.547074,0.452926,2024-04-30T13:30:00Z
1426287,2024-05-01,Chennai Super Kings,Punjab Kings,Pinnacle,1.66,2.33,0.60241,0.429185,1.031594,0.58396,0.41604,2024-05-01T13:30:00Z
1426288,2024-05-02,Sunrisers Hyderabad,Rajasthan Royals,Pinnacle,1.93,1.96,0.518135,0.510204,1.028339,0.503856,0.496144,2024-05-02T13:30:00Z
1426289,2024-05-03,Kolkata Knight Riders,Mumbai Indians,Pinnacle,2.23,1.72,0.44843,0.581395,1.029826,0.435443,0.564557,2024-05-03T13:30:00Z
1426290,2024-05-04,Gujarat Titans,Royal Challengers Bengaluru,Pinnacle,2.21,1.74,0.452489,0.574713,1.027201,0.440506,0.559494,2024-05-04T13:30:00Z
1426292,2024-05-05,Kolkata Knight Riders,Lucknow Super Giants,Pinnacle,1.79,2.13,0.558659,0.469484,1.028143,0.543367,0.456633,2024-05-05T13:30:00Z
1426293,2024-05-06,Sunrisers Hyderabad,Mumbai Indians,Pinnacle,2.05,1.85,0.487805,0.540541,1.028345,0.474359,0.525641,2024-05-06T13:30:00Z
1426294,2024-05-07,Delhi Capitals,Rajasthan Royals,Pinnacle,2.18,1.75,0.458716,0.571429,1.030144,0.445293,0.554707,2024-05-07T13:30:00Z
1426295,2024-05-08,Lucknow Super Giants,Sunrisers Hyderabad,Pinnacle,2.25,1.7,0.444444,0.588235,1.03268,0.43038,0.56962,2024-05-08T13:30:00Z
1426296,2024-05-09,Royal Challengers Bengaluru,Punjab Kings,Pinnacle,1.76,2.16,0.568182,0.462963,1.031145,0.55102,0.44898,2024-05-09T13:30:00Z
1426297,2024-05-10,Gujarat Titans,Chennai Super Kings,Pinnacle,2.28,1.69,0.438596,0.591716,1.030312,0.425693,0.574307,2024-05-10T13:30:00Z
1426298,2024-05-11,Kolkata Knight Riders,Mumbai Indians,Pinnacle,1.88,2.02,0.531915,0.49505,1.026964,0.517949,0.482051,2024-05-11T13:30:00Z
1426299,2024-05-12,Rajasthan Royals,Chennai Super Kings,Pinnacle,1.84,2.06,0.543478,0.485437,1.028915,0.528205,0.471795,2024-05-12T13:30:00Z
1426300,2024-05-12,Royal Challengers Bengaluru,Delhi Capitals,Pinnacle,1.7,2.26,0.588235,0.442478,1.030713,0.570707,0.429293,2024-05-12T13:30:00Z
1426302,2024-05-14,Delhi Capitals,Lucknow Super Giants,Pinnacle,1.76,2.17,0.568182,0.460829,1.029011,0.552163,0.447837,2024-05-14T13:30:00Z
1426303,2024-05-15,Rajasthan Royals,Punjab Kings,Pinnacle,1.66,2.33,0.60241,0.429185,1.031594,0.58396,0.41604,2024-05-15T13:30:00Z
1426305,2024-05-17,Lucknow Super Giants,Mumbai Indians,Pinnacle,2.23,1.72,0.44843,0.581395,1.029826,0.435443,0.564557,2024-05-17T13:30:00Z
1426306,2024-05-18,Royal Challengers Bengaluru,Chennai Super Kings,Pinnacle,1.86,2.03,0.537634,0.492611,1.030245,0.521851,0.478149,2024-05-18T13:30:00Z
1426309,2024-05-21,Sunrisers Hyderabad,Kolkata Knight Riders,Pinnacle,1.96,1.93,0.510204,0.518135,1.028339,0.496144,0.503856,2024-05-21T13:30:00Z
1426310,2024-05-22,Royal Challengers Bengaluru,Rajasthan Royals,Pinnacle,1.82,2.12,0.549451,0.471698,1.021149,0.538071,0.461929,2024-05-22T13:30:00Z
1426311,2024-05-24,Sunrisers Hyderabad,Rajasthan Royals,Pinnacle,1.81,2.1,0.552486,0.47619,1.028677,0.537084,0.462916,2024-05-24T13:30:00Z
1426312,2024-05-26,Sunrisers Hyderabad,Kolkata Knight Riders,Pinnacle,1.97,1.92,0.507614,0.520833,1.028448,0.493573,0.506427,2024-05-26T13:30:00Z
1473438,2025-03-22,Kolkata Knight Riders,Royal Challengers Bengaluru,Pinnacle,1.83,2.03,0.546448,0.492611,1.039059,0.525907,0.474093,2025-03-22T13:30:00Z
1473440,2025-03-23,Mumbai Indians,Chennai Super Kings,Pinnacle,2.06,1.81,0.485437,0.552486,1.037923,0.4677,0.5323,2025-03-23T13:30:00Z
1473442,2025-03-25,Punjab Kings,Gujarat Titans,Pinnacle,2.13,1.76,0.469484,0.568182,1.037665,0.452442,0.547558,2025-03-25T13:30:00Z
1473443,2025-03-26,Rajasthan Royals,Kolkata Knight Riders,Pinnacle,2.17,1.73,0.460829,0.578035,1.038864,0.44359,0.55641,2025-03-26T13:30:00Z
1473444,2025-03-27,Sunrisers Hyderabad,Lucknow Super Giants,Pinnacle,1.53,2.58,0.653595,0.387597,1.041192,0.627737,0.372263,2025-03-27T13:30:00Z
1473445,2025-03-28,Royal Challengers Bengaluru,Chennai Super Kings,Pinnacle,2.18,1.72,0.458716,0.581395,1.040111,0.441026,0.558974,2025-03-28T13:30:00Z
1473446,2025-03-29,Gujarat Titans,Mumbai Indians,Pinnacle,1.93,1.92,0.518135,0.520833,1.038968,0.498701,0.501299,2025-03-29T13:30:00Z
1473448,2025-03-30,Rajasthan Royals,Chennai Super Kings,Pinnacle,2.03,1.83,0.492611,0.546448,1.039059,0.474093,0.525907,2025-03-30T13:30:00Z
1473449,2025-03-31,Kolkata Knight Riders,Mumbai Indians,Pinnacle,2.14,1.75,0.46729,0.571429,1.038718,0.449871,0.550129,2025-03-31T13:30:00Z
1473450,2025-04-01,Lucknow Super Giants,Punjab Kings,Pinnacle,1.88,1.98,0.531915,0.505051,1.036965,0.512953,0.487047,2025-04-01T13:30:00Z
1473451,2025-04-02,Royal Challengers Bengaluru,Gujarat Titans,Pinnacle,1.8,2.07,0.555556,0.483092,1.038647,0.534884,0.465116,2025-04-02T13:30:00Z
1473452,2025-04-03,Kolkata Knight Riders,Sunrisers Hyderabad,Pinnacle,2.18,1.72,0.458716,0.581395,1.040111,0.441026,0.558974,2025-04-03T13:30:00Z
1473453,2025-04-04,Lucknow Super Giants,Mumbai Indians,Pinnacle,2.22,1.69,0.45045,0.591716,1.042166,0.432225,0.567775,2025-04-04T13:30:00Z
1473455,2025-04-05,Rajasthan Royals,Punjab Kings,Pinnacle,2.24,1.68,0.446429,0.595238,1.041667,0.428571,0.571429,2025-04-05T13:30:00Z
1473457,2025-04-06,Sunrisers Hyderabad,Gujarat Titans,Pinnacle,1.78,2.1,0.561798,0.47619,1.037988,0.541237,0.458763,2025-04-06T13:30:00Z
1473458,2025-04-07,Royal Challengers Bengaluru,Mumbai Indians,Pinnacle,2.22,1.69,0.45045,0.591716,1.042166,0.432225,0.567775,2025-04-07T13:30:00Z
1473459,2025-04-08,Punjab Kings,Chennai Super Kings,Pinnacle,1.75,2.15,0.571429,0.465116,1.036545,0.551282,0.448718,2025-04-08T13:30:00Z
1473460,2025-04-09,Gujarat Titans,Rajasthan Royals,Pinnacle,1.78,2.1,0.561798,0.47619,1.037988,0.541237,0.458763,2025-04-09T13:30:00Z
1473461,2025-04-10,Royal Challengers Bengaluru,Delhi Capitals,Pinnacle,1.76,2.13,0.568182,0.469484,1.037665,0.547558,0.452442,2025-04-10T13:30:00Z
1473462,2025-04-11,Chennai Super Kings,Kolkata Knight Riders,Pinnacle,2.15,1.74,0.465116,0.574713,1.039829,0.447301,0.552699,2025-04-11T13:30:00Z
1473464,2025-04-12,Punjab Kings,Sunrisers Hyderabad,Pinnacle,1.97,1.88,0.507614,0.531915,1.039529,0.488312,0.511688,2025-04-12T13:30:00Z
1473466,2025-04-13,Mumbai Indians,Delhi Capitals,Pinnacle,1.71,2.19,0.584795,0.456621,1.041416,0.561538,0.438462,2025-04-13T13:30:00Z
1473467,2025-04-14,Lucknow Super Giants,Chennai Super Kings,Pinnacle,1.63,2.34,0.613497,0.42735,1.040847,0.589421,0.410579,2025-04-14T13:30:00Z
1473468,2025-04-15,Punjab Kings,Kolkata Knight Riders,Pinnacle,1.92,1.93,0.520833,0.518135,1.038968,0.501299,0.498701,2025-04-15T13:30:00Z
1473470,2025-04-17,Sunrisers Hyderabad,Mumbai Indians,Pinnacle,2.18,1.72,0.458716,0.581395,1.040111,0.441026,0.558974,2025-04-17T13:30:00Z
1473471,2025-04-18,Royal Challengers Bengaluru,Punjab Kings,Pinnacle,1.78,2.1,0.561798,0.47619,1.037988,0.541237,0.458763,2025-04-18T13:30:00Z
1473473,2025-04-19,Lucknow Super Giants,Rajasthan Royals,Pinnacle,1.81,2.06,0.552486,0.485437,1.037923,0.5323,0.4677,2025-04-19T13:30:00Z
1473475,2025-04-20,Chennai Super Kings,Mumbai Indians,Pinnacle,2.8,1.46,0.357143,0.684932,1.042074,0.342723,0.657277,2025-04-20T13:30:00Z
1473476,2025-04-21,Gujarat Titans,Kolkata Knight Riders,Pinnacle,1.99,1.86,0.502513,0.537634,1.040147,0.483117,0.516883,2025-04-21T13:30:00Z
1473477,2025-04-22,Lucknow Super Giants,Delhi Capitals,Pinnacle,1.87,1.98,0.534759,0.505051,1.03981,0.514286,0.485714,2025-04-22T13:30:00Z
1473478,2025-04-23,Sunrisers Hyderabad,Mumbai Indians,Pinnacle,2.29,1.66,0.436681,0.60241,1.039091,0.420253,0.579747,2025-04-23T13:30:00Z
1473479,2025-04-24,Royal Challengers Bengaluru,Rajasthan Royals,Pinnacle,1.6,2.41,0.625,0.414938,1.039938,0.600998,0.399002,2025-04-24T13:30:00Z
1473480,2025-04-25,Chennai Super Kings,Sunrisers Hyderabad,Pinnacle,2.1,1.78,0.47619,0.561798,1.037988,0.458763,0.541237,2025-04-25T13:30:00Z
1473483,2025-04-27,Delhi Capitals,Royal Challengers Bengaluru,Pinnacle,1.96,1.89,0.510204,0.529101,1.039305,0.490909,0.509091,2025-04-27T13:30:00Z
1473484,2025-04-28,Gujarat Titans,Rajasthan Royals,Pinnacle,1.62,2.37,0.617284,0.421941,1.039225,0.593985,0.406015,2025-04-28T13:30:00Z
1473485,2025-04-29,Kolkata Knight Riders,Delhi Capitals,Pinnacle,2.02,1.84,0.49505,0.543478,1.038528,0.476684,0.523316,2025-04-29T13:30:00Z
1473486,2025-04-30,Chennai Super Kings,Punjab Kings,Pinnacle,2.27,1.67,0.440529,0.598802,1.039331,0.423858,0.576142,2025-04-30T13:30:00Z
1473487,2025-05-01,Mumbai Indians,Rajasthan Royals,Pinnacle,1.51,2.64,0.662252,0.378788,1.04104,0.636145,0.363855,2025-05-01T13:30:00Z
1473488,2025-05-02,Gujarat Titans,Sunrisers Hyderabad,Pinnacle,1.74,2.15,0.574713,0.465116,1.039829,0.552699,0.447301,2025-05-02T13:30:00Z
1473489,2025-05-03,Royal Challengers Bengaluru,Chennai Super Kings,Pinnacle,1.53,2.59,0.653595,0.3861,1.039695,0.628641,0.371359,2025-05-03T13:30:00Z
1473491,2025-05-04,Punjab Kings,Lucknow Super Giants,Pinnacle,1.84,2.02,0.543478,0.49505,1.038528,0.523316,0.476684,2025-05-04T13:30:00Z
1473494,2025-05-07,Kolkata Knight Riders,Chennai Super Kings,Pinnacle,1.59,2.43,0.628931,0.411523,1.040453,0.604478,0.395522,2025-05-07T13:30:00Z
1473498,2025-05-18,Delhi Capitals,Gujarat Titans,Pinnacle,2.15,1.75,0.465116,0.571429,1.036545,0.448718,0.551282,2025-05-18T13:30:00Z
1473499,2025-05-19,Lucknow Super Giants,Sunrisers Hyderabad,Pinnacle,1.71,2.19,0.584795,0.456621,1.041416,0.561538,0.438462,2025-05-19T13:30:00Z
1473500,2025-05-20,Chennai Super Kings,Rajasthan Royals,Pinnacle,1.88,1.97,0.531915,0.507614,1.039529,0.511688,0.488312,2025-05-20T13:30:00Z
1473502,2025-05-22,Lucknow Super Giants,Gujarat Titans,Pinnacle,2.41,1.6,0.414938,0.625,1.039938,0.399002,0.600998,2025-05-22T13:30:00Z
1473503,2025-05-23,Sunrisers Hyderabad,Royal Challengers Bengaluru,Pinnacle,2.18,1.72,0.458716,0.581395,1.040111,0.441026,0.558974,2025-05-23T13:30:00Z
1485779,2025-05-24,Punjab Kings,Delhi Capitals,Pinnacle,1.65,2.32,0.606061,0.431034,1.037095,0.584383,0.415617,2025-05-24T13:30:00Z
1473505,2025-05-25,Sunrisers Hyderabad,Kolkata Knight Riders,Pinnacle,1.92,1.93,0.520833,0.518135,1.038968,0.501299,0.498701,2025-05-25T13:30:00Z
1473506,2025-05-26,Mumbai Indians,Punjab Kings,Pinnacle,1.6,2.42,0.625,0.413223,1.038223,0.60199,0.39801,2025-05-26T13:30:00Z
1473507,2025-05-27,Lucknow Super Giants,Royal Challengers Bengaluru,Pinnacle,2.27,1.67,0.440529,0.598802,1.039331,0.423858,0.576142,2025-05-27T13:30:00Z
1473508,2025-05-29,Punjab Kings,Royal Challengers Bengaluru,Pinnacle,1.93,1.93,0.518135,0.518135,1.036269,0.5,0.5,2025-05-29T13:30:00Z
1473509,2025-05-30,Mumbai Indians,Gujarat Titans,Pinnacle,1.58,2.45,0.632911,0.408163,1.041075,0.60794,0.39206,2025-05-30T13:30:00Z
1473510,2025-06-01,Mumbai Indians,Punjab Kings,Pinnacle,1.65,2.3,0.606061,0.434783,1.040843,0.582278,0.417722,2025-06-01T13:30:00Z
1473511,2025-06-03,Royal Challengers Bengaluru,Punjab Kings,Pinnacle,1.85,2.0,0.540541,0.5,1.040541,0.519481,0.480519,2025-06-03T13:30:00Z
